Target Date,Target,Predicted
2015-03-06,12.9253,12.87518
2015-03-09,12.725300000000002,12.787925
2015-03-10,12.688,12.674216
2015-03-11,12.916,12.549153
2015-03-12,12.737999999999998,12.44436
2015-03-13,12.578700000000001,12.345914
2015-03-16,13.0467,12.245921
2015-03-17,12.981999999999998,12.18977
2015-03-18,13.380699999999997,12.160541
2015-03-19,13.0433,12.182458
2015-03-20,13.2053,12.208377
2015-03-23,13.3087,12.247892
2015-03-24,13.448,12.301574
2015-03-25,12.9533,12.371531
2015-03-26,12.693700000000002,12.407103
2015-03-27,12.3333,12.397351
2015-03-30,12.7047,12.330697
2015-03-31,12.584700000000002,12.262454
2015-04-01,12.506,12.188604
2015-04-02,12.733299999999998,12.110126
2015-04-06,13.54,12.05256
2015-04-07,13.549999999999999,12.0770645
2015-04-08,13.8447,12.1528
2015-04-09,14.006000000000002,12.27905
2015-04-10,14.06,12.441193
2015-04-13,13.9853,12.618689
2015-04-14,13.8307,12.787016
2015-04-15,13.8553,12.924828
2015-04-16,13.78,13.035125
2015-04-17,13.786,13.1137905
2015-04-20,13.6847,13.1669655
2015-04-21,13.9607,13.191797
2015-04-22,14.6293,13.218783
2015-04-23,14.573299999999998,13.298679
2015-04-24,14.5617,13.401756
2015-04-27,15.436700000000002,13.510903
2015-04-28,15.3653,13.686101
2015-04-29,15.4967,13.884805
2015-04-30,15.070000000000002,14.094304
2015-05-01,15.068700000000002,14.261059
2015-05-04,15.367299999999998,14.388292
2015-05-05,15.53,14.505108
2015-05-06,15.362,14.619755
2015-05-07,15.7867,14.710949
2015-05-08,15.774,14.814514
2015-05-11,15.966000000000001,14.917259
2015-05-12,16.316,15.027228
2015-05-13,16.212,15.161791
2015-05-14,16.2733,15.293677
2015-05-15,16.5893,15.4190235
2015-05-18,16.5833,15.556428
2015-05-19,16.476,15.690899
2015-05-20,16.29,15.804913
2015-05-21,16.3747,15.882547
2015-05-22,16.5153,15.938163
2015-05-26,16.497,15.986992
2015-05-27,16.4953,16.026373
2015-05-28,16.7633,16.05662
2015-05-29,16.72,16.100353
2015-06-01,16.63,16.145924
2015-06-02,16.5567,16.182009
2015-06-03,16.5993,16.20352
2015-06-04,16.3947,16.217657
2015-06-05,16.6093,16.20963
2015-06-08,17.086,16.205385
2015-06-09,17.0667,16.242254
2015-06-10,16.7133,16.300934
2015-06-11,16.7607,16.340631
2015-06-12,16.7127,16.369204
2015-06-15,16.692,16.384853
2015-06-16,16.8747,16.389498
2015-06-17,17.3607,16.401522
2015-06-18,17.4593,16.456467
2015-06-19,17.5007,16.542519
2015-06-22,17.3193,16.64525
2015-06-23,17.8447,16.736397
2015-06-24,17.678,16.855852
2015-06-25,17.9193,16.971102
2015-06-26,17.806,17.094564
2015-06-29,17.468,17.205011
2015-06-30,17.884,17.27174
2015-07-01,17.9433,17.339312
2015-07-02,18.668,17.407187
2015-07-06,18.648,17.528551
2015-07-07,17.8587,17.673208
2015-07-08,16.9973,17.758152
2015-07-09,17.1947,17.729467
2015-07-10,17.2767,17.646843
2015-07-13,17.4773,17.54275
2015-07-14,17.71,17.44871
2015-07-15,17.5427,17.38658
2015-07-16,17.7787,17.335684
2015-07-17,18.3107,17.31466
2015-07-20,18.8173,17.357128
2015-07-21,17.7847,17.477703
2015-07-22,17.858,17.555735
2015-07-23,17.8133,17.607006
2015-07-24,17.694,17.634184
2015-07-27,16.8673,17.634504
2015-07-28,17.6547,17.551092
2015-07-29,17.588,17.484133
2015-07-30,17.786,17.427177
2015-07-31,17.7433,17.396532
2015-08-03,17.3327,17.38133
2015-08-04,17.752,17.343933
2015-08-05,18.0087,17.32905
2015-08-06,16.4087,17.35036
2015-08-07,16.1673,17.264103
2015-08-10,16.076,17.096546
2015-08-11,15.824700000000002,16.88266
2015-08-12,15.877999999999998,16.634933
2015-08-13,16.1673,16.388193
2015-08-14,16.21,16.183474
2015-08-17,16.9993,16.023901
2015-08-18,17.3813,15.968232
2015-08-19,17.0167,16.013521
2015-08-20,16.1453,16.090326
2015-08-21,15.3847,16.111525
2015-08-24,14.591299999999999,16.034945
2015-08-25,14.668700000000001,15.838437
2015-08-26,14.9893,15.586655
2015-08-27,16.1993,15.344079
2015-08-28,16.5653,15.222223
2015-08-31,16.604,15.215251
2015-09-01,15.9087,15.284652
2015-09-02,16.5127,15.341595
2015-09-03,16.3713,15.435181
2015-09-04,16.1287,15.534115
2015-09-08,16.5447,15.609699
2015-09-09,16.594,15.698414
2015-09-10,16.5653,15.792946
2015-09-11,16.6827,15.881796
2015-09-14,16.8793,15.969847
2015-09-15,16.9047,16.066656
2015-09-16,17.4833,16.163849
2015-09-17,17.4713,16.300598
2015-09-18,17.3747,16.451368
2015-09-21,17.6133,16.592012
2015-09-22,17.396,16.735043
2015-09-23,17.404,16.851522
2015-09-24,17.5413,16.943123
2015-09-25,17.1273,17.023197
2015-09-28,16.562,17.0566
2015-09-29,16.4433,17.012255
2015-09-30,16.56,16.91224
2015-10-01,15.992,16.793634
2015-10-02,16.5047,16.626148
2015-10-05,16.41,16.481123
2015-10-06,16.0973,16.353434
2015-10-07,15.464000000000002,16.220917
2015-10-08,15.1147,16.04422
2015-10-09,14.712699999999998,15.824559
2015-10-12,14.372,15.561702
2015-10-13,14.6167,15.263546
2015-10-14,14.4587,14.9846735
2015-10-15,14.754,14.72597
2015-10-16,15.133999999999999,14.52281
2015-10-19,15.206699999999998,14.400484
2015-10-20,14.201999999999998,14.34446
2015-10-21,14.006000000000002,14.254153
2015-10-22,14.1147,14.133143
2015-10-23,13.9393,14.010588
2015-10-26,14.3507,13.882157
2015-10-27,14.0233,13.792427
2015-10-28,14.197299999999998,13.707658
2015-10-29,14.1087,13.646124
2015-10-30,13.7953,13.596828
2015-11-02,14.2527,13.533795
2015-11-03,13.89,13.503337
2015-11-04,15.442,13.466837
2015-11-05,15.4513,13.553551
2015-11-06,15.4907,13.713143
2015-11-09,15.022,13.9102745
2015-11-10,14.4333,14.079191
2015-11-11,14.6053,14.170553
2015-11-12,14.195999999999998,14.219826
2015-11-13,13.8127,14.205947
2015-11-16,14.2873,14.122029
2015-11-17,14.266700000000002,14.037712
2015-11-18,14.738,13.957577
2015-11-19,14.786700000000002,13.923549
2015-11-20,14.667300000000001,13.925125
2015-11-23,14.516700000000002,13.939532
2015-11-24,14.550000000000002,13.948968
2015-11-25,15.309300000000002,13.957325
2015-11-27,15.4407,14.025432
2015-11-30,15.350699999999998,14.137167
2015-12-01,15.812700000000001,14.261124
2015-12-02,15.465999999999998,14.420867
2015-12-03,15.514,14.563863
2015-12-04,15.3587,14.689521
2015-12-07,15.4087,14.782507
2015-12-08,15.1147,14.851877
2015-12-09,14.968,14.877468
2015-12-10,15.138,14.861464
2015-12-11,14.468,14.833792
2015-12-14,14.571999999999997,14.7468405
2015-12-15,14.7393,14.63683
2015-12-16,15.633999999999999,14.5337105
2015-12-17,15.5593,14.514321
2015-12-18,15.363999999999999,14.543532
2015-12-21,15.503999999999998,14.58568
2015-12-22,15.33,14.644287
2015-12-23,15.3133,14.695255
2015-12-24,15.3713,14.73638
2015-12-28,15.2633,14.772997
2015-12-29,15.812700000000001,14.795421
2015-12-30,15.8727,14.851307
2015-12-31,16.0007,14.929179
2016-01-04,14.894,15.025472
2016-01-05,14.8953,15.037409
2016-01-06,14.6027,14.9949465
2016-01-07,14.3767,14.897715
2016-01-08,14.066699999999999,14.754642
2016-01-11,13.8567,14.568021
2016-01-12,13.998,14.350527
2016-01-13,13.354,14.140691
2016-01-14,13.745300000000002,13.89948
2016-01-15,13.666,13.687365
2016-01-19,13.648,13.503106
2016-01-20,13.246700000000002,13.34865
2016-01-21,13.3313,13.192431
2016-01-22,13.503299999999998,13.053455
2016-01-25,13.092000000000002,12.949638
2016-01-26,12.904,12.842985
2016-01-27,12.538,12.727335
2016-01-28,12.6467,12.585309
2016-01-29,12.746699999999999,12.445723
2016-02-01,13.1293,12.3260355
2016-02-02,12.1853,12.258389
2016-02-03,11.5653,12.153255
2016-02-04,11.6887,11.982266
2016-02-05,10.84,11.791961
2016-02-08,9.866,11.535652
2016-02-09,9.8833,11.178256
2016-02-10,9.578,10.784167
2016-02-11,10.0313,10.371372
2016-02-12,10.0693,10.012918
2016-02-16,10.3447,9.718299
2016-02-17,11.2453,9.507678
2016-02-18,11.118,9.437797
2016-02-19,11.1053,9.45268
2016-02-22,11.8493,9.51942
2016-02-23,11.814,9.6739235
2016-02-24,11.9333,9.870545
2016-02-25,12.4953,10.089165
2016-02-26,12.689300000000001,10.350824
2016-02-29,12.795300000000001,10.63636
2016-03-01,12.4233,10.92457
2016-03-02,12.556000000000001,11.163521
2016-03-03,13.0493,11.364077
2016-03-04,13.4027,11.564926
2016-03-07,13.686,11.779385
2016-03-08,13.5067,12.009198
2016-03-09,13.9147,12.217337
2016-03-10,13.6787,12.428887
2016-03-11,13.8333,12.608137
2016-03-14,14.3433,12.76591
2016-03-15,14.556,12.939287
2016-03-16,14.7953,13.126851
2016-03-17,15.092,13.328713
2016-03-18,15.515999999999998,13.548569
2016-03-21,15.888,13.797713
2016-03-22,15.615999999999998,14.077033
2016-03-23,14.838699999999998,14.333116
2016-03-24,15.1833,14.493084
2016-03-28,15.350699999999998,14.607904
2016-03-29,15.342,14.6991415
2016-03-30,15.126,14.76783
2016-03-31,15.318,14.799602
2016-04-01,15.8393,14.820875
2016-04-04,16.466,14.875747
2016-04-05,17.0313,14.998245
2016-04-06,17.6947,15.200091
2016-04-07,17.1467,15.4908695
2016-04-08,16.6713,15.772697
2016-04-11,16.6613,15.989842
2016-04-12,16.5213,16.149315
2016-04-13,16.9687,16.249279
2016-04-14,16.7907,16.340054
2016-04-15,16.9673,16.403843
2016-04-18,16.9253,16.459776
2016-04-19,16.4913,16.503088
2016-04-20,16.6647,16.500122
2016-04-21,16.5527,16.48188
2016-04-22,16.9167,16.446291
2016-04-25,16.788,16.431553
2016-04-26,16.916,16.420769
2016-04-27,16.7647,16.423552
2016-04-28,16.514,16.422619
2016-04-29,16.0507,16.399265
2016-05-02,16.12,16.326197
2016-05-03,15.488,16.232624
2016-05-04,14.8373,16.082186
2016-05-05,14.102,15.8544
2016-05-06,14.3287,15.535285
2016-05-09,13.928,15.199962
2016-05-10,13.912699999999997,14.846925
2016-05-11,13.930699999999998,14.507287
2016-05-12,13.8187,14.202628
2016-05-13,13.8407,13.933659
2016-05-16,13.886,13.709004
2016-05-17,13.643999999999998,13.532841
2016-05-18,14.078,13.381238
2016-05-19,14.347299999999999,13.291352
2016-05-20,14.685299999999998,13.269149
2016-05-23,14.4147,13.318838
2016-05-24,14.527300000000002,13.389
2016-05-25,14.6387,13.476126
2016-05-26,15.008,13.576737
2016-05-27,14.8693,13.708227
2016-05-31,14.882,13.838551
2016-06-01,14.6373,13.959469
2016-06-02,14.597299999999999,14.045823
2016-06-03,14.5993,14.100549
2016-06-06,14.712,14.131237
2016-06-07,15.4893,14.15329
2016-06-08,15.7013,14.23049
2016-06-09,15.2907,14.353968
2016-06-10,14.586,14.464588
2016-06-13,14.524700000000001,14.502207
2016-06-14,14.330699999999998,14.485801
2016-06-15,14.5133,14.420823
2016-06-16,14.528700000000002,14.34436
2016-06-17,14.3647,14.267389
2016-06-20,14.6467,14.182456
2016-06-21,14.6407,14.121254
2016-06-22,13.110699999999998,14.079175
2016-06-23,13.0933,13.9295845
2016-06-24,12.8767,13.721289
2016-06-27,13.2367,13.473957
2016-06-28,13.4527,13.24885
2016-06-29,14.0127,13.071713
2016-06-30,14.151999999999997,12.9828615
2016-07-01,14.4333,12.967848
2016-07-05,14.265300000000002,13.023465
2016-07-06,14.295999999999998,13.106612
2016-07-07,14.396,13.203776
2016-07-08,14.451999999999998,13.310958
2016-07-11,14.985299999999999,13.421275
2016-07-12,14.976699999999997,13.5683155
2016-07-13,14.835299999999998,13.7272415
2016-07-14,14.7687,13.870573
2016-07-15,14.6933,13.988043
2016-07-18,15.0833,14.074356
2016-07-19,15.0173,14.165745
2016-07-20,15.224,14.248257
2016-07-21,14.7,14.335465
2016-07-22,14.818,14.377069
2016-07-25,15.334000000000001,14.395969
2016-07-26,15.3007,14.440503
2016-07-27,15.232699999999998,14.49532
2016-07-28,15.374,14.547033
2016-07-29,15.6527,14.6042795
2016-08-01,15.334000000000001,14.683254
2016-08-02,15.1467,14.744622
2016-08-03,15.0527,14.775206
2016-08-04,15.374,14.776487
2016-08-05,15.335300000000002,14.784904
2016-08-08,15.0773,14.7941265
2016-08-09,15.272,14.782364
2016-08-10,15.0433,14.773741
2016-08-11,14.994,14.749422
2016-08-12,15.0407,14.712919
2016-08-15,15.0393,14.675146
2016-08-16,14.9073,14.639247
2016-08-17,14.8827,14.596579
2016-08-18,14.9007,14.55078
2016-08-19,15.0,14.507845
2016-08-22,14.862,14.477893
2016-08-23,14.9893,14.447334
2016-08-24,14.841299999999999,14.428875
2016-08-25,14.730699999999999,14.407634
2016-08-26,14.666,14.377321
2016-08-29,14.3467,14.338332
2016-08-30,14.0893,14.271111
2016-08-31,14.134,14.170244
2016-09-01,13.384700000000002,14.05904
2016-09-02,13.1853,13.889372
2016-09-06,13.522,13.678971
2016-09-07,13.4473,13.485212
2016-09-08,13.1573,13.310297
2016-09-09,12.964700000000002,13.136874
2016-09-12,13.22,12.96171
2016-09-13,13.07,12.818834
2016-09-14,13.094000000000001,12.695098
2016-09-15,13.3613,12.594555
2016-09-16,13.6933,12.537656
2016-09-19,13.756000000000002,12.539383
2016-09-20,13.642699999999998,12.583364
2016-09-21,13.6813,12.641947
2016-09-22,13.762000000000002,12.708688
2016-09-23,13.83,12.7822895
2016-09-26,13.9327,12.860354
2016-09-27,13.7207,12.943749
2016-09-28,13.751300000000002,13.007381
2016-09-29,13.380000000000003,13.056142
2016-09-30,13.602,13.0620775
2016-10-03,14.2467,13.058041
2016-10-04,14.094,13.099605
2016-10-05,13.897299999999998,13.154784
2016-10-06,13.399999999999999,13.198587
2016-10-07,13.107300000000002,13.192045
2016-10-10,13.3967,13.130534
2016-10-11,13.34,13.061845
2016-10-12,13.434,12.989132
2016-10-13,13.3493,12.926602
2016-10-14,13.1007,12.868301
2016-10-17,12.9307,12.797017
2016-10-18,13.2733,12.709106
2016-10-19,13.5707,12.644586
2016-10-20,13.2733,12.623578
2016-10-21,13.339300000000001,12.607957
2016-10-24,13.5173,12.6021595
2016-10-25,13.489300000000002,12.617413
2016-10-26,13.4827,12.642769
2016-10-27,13.6007,12.672178
2016-10-28,13.3313,12.711508
2016-10-31,13.182,12.732713
2016-11-01,12.719300000000002,12.72885
2016-11-02,12.5347,12.672308
2016-11-03,12.4947,12.571613
2016-11-04,12.704000000000002,12.447058
2016-11-07,12.880699999999997,12.333176
2016-11-08,12.996,12.248511
2016-11-09,12.6707,12.19777
2016-11-10,12.3567,12.146244
2016-11-11,12.570700000000002,12.072857
2016-11-14,12.0967,12.008178
2016-11-15,12.2513,11.916004
2016-11-16,12.262,11.825444
2016-11-17,12.577299999999997,11.743517
2016-11-18,12.3347,11.698296
2016-11-21,12.3013,11.660356
2016-11-22,12.7447,11.627098
2016-11-23,12.875999999999998,11.634794
2016-11-25,13.11,11.678586
2016-11-28,13.0747,11.760822
2016-11-29,12.638,11.858695
2016-11-30,12.6267,11.92439
2016-12-01,12.1253,11.963914
2016-12-02,12.098,11.94387
2016-12-05,12.4533,11.885175
2016-12-06,12.39,11.834631
2016-12-07,12.8767,11.787851
2016-12-08,12.819300000000002,11.785644
2016-12-09,12.812000000000001,11.807329
2016-12-12,12.828700000000001,11.841921
2016-12-13,13.21,11.883549
2016-12-14,13.246,11.957181
2016-12-15,13.172,12.048741
2016-12-16,13.4993,12.139044
2016-12-19,13.515299999999998,12.248147
2016-12-20,13.9193,12.36256
2016-12-21,13.8467,12.504276
2016-12-22,13.8967,12.647164
2016-12-23,14.2227,12.784233
2016-12-27,14.6353,12.933662
2016-12-28,14.6493,13.113068
2016-12-29,14.312,13.299425
2016-12-30,14.246,13.449344
2017-01-03,14.466,13.559726
2017-01-04,15.1327,13.654529
2017-01-05,15.1167,13.7859335
2017-01-06,15.267299999999999,13.92957
2017-01-09,15.418700000000001,14.08232
2017-01-10,15.324700000000002,14.241743
2017-01-11,15.315300000000002,14.386116
2017-01-12,15.306,14.509517
2017-01-13,15.85,14.609772
2017-01-17,15.705300000000001,14.731624
2017-01-18,15.8907,14.846589
2017-01-19,16.2507,14.963474
2017-01-20,16.3153,15.101909
2017-01-23,16.5947,15.249008
2017-01-24,16.974,15.413195
2017-01-25,16.9647,15.606667
2017-01-26,16.834,15.803734
2017-01-27,16.8633,15.977997
2017-01-30,16.7087,16.127302
2017-01-31,16.7953,16.237312
2017-02-01,16.616,16.321182
2017-02-02,16.77,16.367765
2017-02-03,16.7553,16.399525
2017-02-06,17.1847,16.418264
2017-02-07,17.1653,16.461811
2017-02-08,17.472,16.516275
2017-02-09,17.9467,16.598272
2017-02-10,17.9487,16.729973
2017-02-13,18.7067,16.883703
2017-02-14,18.732,17.101204
2017-02-15,18.6507,17.345295
2017-02-16,17.93,17.581684
2017-02-17,18.1487,17.737646
2017-02-21,18.4927,17.848747
2017-02-22,18.234,17.950981
2017-02-23,17.066,18.018991
2017-02-24,17.1333,17.965818
2017-02-27,16.4153,17.84503
2017-02-28,16.666,17.632391
2017-03-01,16.668,17.397226
2017-03-02,16.6987,17.165192
2017-03-03,16.7713,16.954576
2017-03-06,16.7473,16.778887
2017-03-07,16.5727,16.636444
2017-03-08,16.458,16.511692
2017-03-09,16.3267,16.398335
2017-03-10,16.246,16.290243
2017-03-13,16.4113,16.18719
2017-03-14,17.2,16.1084
2017-03-15,17.0487,16.114439
2017-03-16,17.47,16.161816
2017-03-17,17.4333,16.26586
2017-03-20,17.4613,16.395416
2017-03-21,16.712,16.533945
2017-03-22,17.0007,16.607697
2017-03-23,16.9853,16.65817
2017-03-24,17.544,16.688978
2017-03-27,18.0147,16.74989
2017-03-28,18.4967,16.863203
2017-03-29,18.492,17.040085
2017-03-30,18.528,17.24377
2017-03-31,18.5533,17.452276
2017-04-03,19.9013,17.650524
2017-04-04,20.2467,17.936459
2017-04-05,19.6667,18.284834
2017-04-06,19.9133,18.600021
2017-04-07,20.1693,18.890713
2017-04-10,20.826,19.16511
2017-04-11,20.5807,19.461872
2017-04-12,19.7893,19.730797
2017-04-13,20.2667,19.897856
2017-04-17,20.096,20.026468
2017-04-18,20.0167,20.107222
2017-04-19,20.368,20.144945
2017-04-20,20.1673,20.1808
2017-04-21,20.3733,20.196363
2017-04-24,20.5353,20.21441
2017-04-25,20.9193,20.245745
2017-04-26,20.678,20.314217
2017-04-27,20.5753,20.381626
2017-04-28,20.938,20.435097
2017-05-01,21.522,20.505272
2017-05-02,21.2593,20.628212
2017-05-03,20.7347,20.754202
2017-05-04,19.6973,20.830309
2017-05-05,20.5567,20.785278
2017-05-08,20.4793,20.736544
2017-05-09,21.4173,20.682783
2017-05-10,21.6813,20.70554
2017-05-11,21.54,20.79635
2017-05-12,21.654,20.912003
2017-05-15,21.0587,21.044146
2017-05-16,21.134,21.12885
2017-05-17,20.4073,21.18346
2017-05-18,20.8707,21.156166
2017-05-19,20.722,21.116539
2017-05-22,20.69,21.059916
2017-05-23,20.2573,20.993952
2017-05-24,20.6813,20.891817
2017-05-25,21.122,20.80863
2017-05-26,21.676,20.779284
2017-05-30,22.34,20.831043
2017-05-31,22.733999999999998,20.984177
2017-06-01,22.6913,21.222244
2017-06-02,22.656699999999997,21.49317
2017-06-05,23.1547,21.762226
2017-06-06,23.523299999999995,22.05076
2017-06-07,23.9767,22.36022
2017-06-08,24.666699999999995,22.69671
2017-06-09,23.8213,23.081285
2017-06-12,23.934,23.398756
2017-06-13,25.0633,23.659168
2017-06-14,25.3773,23.955849
2017-06-15,25.0227,24.278597
2017-06-16,24.759999999999998,24.564531
2017-06-19,24.653299999999998,24.78425
2017-06-20,24.816,24.936852
2017-06-21,25.093300000000003,25.048645
2017-06-22,25.5073,25.14857
2017-06-23,25.563299999999998,25.266932
2017-06-26,25.166000000000004,25.392403
2017-06-27,24.158,25.480469
2017-06-28,24.7493,25.456154
2017-06-29,24.049999999999997,25.410877
2017-06-30,24.1073,25.298643
2017-07-03,23.507999999999996,25.15701
2017-07-05,21.806,24.958483
2017-07-06,20.5887,24.600355
2017-07-07,20.8813,24.069376
2017-07-10,21.07,23.492615
2017-07-11,21.8147,22.945013
2017-07-12,21.968,22.516777
2017-07-13,21.5607,22.20831
2017-07-14,21.852,21.965796
2017-07-17,21.3047,21.807196
2017-07-18,21.8827,21.669762
2017-07-19,21.684,21.603355
2017-07-20,21.9947,21.571247
2017-07-21,21.8933,21.588764
2017-07-24,22.834699999999998,21.62847
2017-07-25,22.64,21.755821
2017-07-26,22.923299999999998,21.913528
2017-07-27,22.2973,22.10177
2017-07-28,22.337999999999997,22.244604
2017-07-31,21.5647,22.351387
2017-08-01,21.3047,22.364588
2017-08-02,21.726,22.296326
2017-08-03,23.139299999999995,22.215527
2017-08-04,23.794,22.247116
2017-08-07,23.677999999999997,22.400274
2017-08-08,24.347999999999995,22.609354
2017-08-09,24.2353,22.892797
2017-08-10,23.693299999999997,23.193264
2017-08-11,23.858,23.438221
2017-08-14,24.253299999999996,23.643362
2017-08-15,24.1553,23.840197
2017-08-16,24.193999999999996,24.00893
2017-08-17,23.4613,24.150215
2017-08-18,23.164,24.203754
2017-08-21,22.524,24.173443
2017-08-22,22.756699999999995,24.040127
2017-08-23,23.518,23.870295
2017-08-24,23.528699999999997,23.751589
2017-08-25,23.2033,23.674612
2017-08-28,23.043999999999997,23.60318
2017-08-29,23.157299999999996,23.52774
2017-08-30,23.5453,23.464796
2017-08-31,23.7267,23.446152
2017-09-01,23.693299999999997,23.471798
2017-09-05,23.306,23.520985
2017-09-06,22.968699999999995,23.550104
2017-09-07,23.374,23.537151
2017-09-08,22.893299999999996,23.531647
2017-09-11,24.246,23.492203
2017-09-12,24.1833,23.544146
2017-09-13,24.415299999999995,23.644852
2017-09-14,25.175999999999995,23.787714
2017-09-15,25.320700000000002,24.008608
2017-09-18,25.666700000000002,24.274288
2017-09-19,25.0067,24.576773
2017-09-20,24.927299999999995,24.826315
2017-09-21,24.432,25.017372
2017-09-22,23.405999999999995,25.116814
2017-09-25,22.9993,25.067186
2017-09-26,23.016699999999997,24.89372
2017-09-27,22.731299999999997,24.655993
2017-09-28,22.64,24.371689
2017-09-29,22.74,24.071323
2017-10-02,22.768699999999995,23.791058
2017-10-03,23.2093,23.546604
2017-10-04,23.6673,23.378841
2017-10-05,23.6887,23.309464
2017-10-06,23.791999999999998,23.309513
2017-10-09,22.862699999999997,23.362276
2017-10-10,23.706,23.369371
2017-10-11,23.64,23.416018
2017-10-12,23.712,23.479105
2017-10-13,23.7047,23.553823
2017-10-16,23.3733,23.629803
2017-10-17,23.7167,23.673996
2017-10-18,23.9767,23.722713
2017-10-19,23.454,23.791723
2017-10-20,23.0067,23.82578
2017-10-23,22.467999999999996,23.79875
2017-10-24,22.489299999999997,23.69128
2017-10-25,21.7227,23.542591
2017-10-26,21.7447,23.31648
2017-10-27,21.3913,23.059864
2017-10-30,21.3387,22.774239
2017-10-31,22.101999999999997,22.48713
2017-11-01,21.4053,22.28229
2017-11-02,19.9507,22.088242
2017-11-03,20.406,21.797691
2017-11-06,20.1853,21.504911
2017-11-07,20.4033,21.214869
2017-11-08,20.2927,20.96581
2017-11-09,20.1993,20.752346
2017-11-10,20.1993,20.569836
2017-11-13,21.0267,20.420673
2017-11-14,20.58,20.370876
2017-11-15,20.7533,20.351767
2017-11-16,20.8333,20.367706
2017-11-17,21.0033,20.411407
2017-11-20,20.5827,20.483385
2017-11-21,21.1873,20.533989
2017-11-22,20.84,20.616312
2017-11-24,21.0367,20.684515
2017-11-27,21.1207,20.754547
2017-11-28,21.17,20.827297
2017-11-29,20.5027,20.900238
2017-11-30,20.59,20.91372
2017-12-01,20.4353,20.895517
2017-12-04,20.3467,20.845995
2017-12-05,20.2467,20.772976
2017-12-06,20.884,20.682251
2017-12-07,20.7493,20.638506
2017-12-08,21.0087,20.616762
2017-12-11,21.9273,20.63149
2017-12-12,22.735299999999995,20.742706
2017-12-13,22.601999999999997,20.972374
2017-12-14,22.525999999999996,21.249334
2017-12-15,22.896699999999996,21.5297
2017-12-18,22.5913,21.821733
2017-12-19,22.0733,22.074806
2017-12-20,21.932,22.242336
2017-12-21,22.110699999999998,22.33172
2017-12-22,21.68,22.379307
2017-12-26,21.1527,22.361614
2017-12-27,20.776,22.260805
2017-12-28,21.024,22.0841
2017-12-29,20.7567,21.892378
2018-01-02,21.3687,21.683502
2018-01-03,21.15,21.528696
2018-01-04,20.9747,21.401846
2018-01-05,21.1053,21.287945
2018-01-08,22.4273,21.20149
2018-01-09,22.246,21.246193
2018-01-10,22.319999999999997,21.356155
2018-01-11,22.53,21.505466
2018-01-12,22.4147,21.68598
2018-01-16,22.6707,21.86376
2018-01-17,23.144,22.047548
2018-01-18,22.971299999999996,22.25999
2018-01-19,23.334699999999998,22.460709
2018-01-22,23.4373,22.668505
2018-01-23,23.519299999999998,22.87356
2018-01-24,23.059299999999997,23.068134
2018-01-25,22.5093,23.204042
2018-01-26,22.856699999999996,23.247875
2018-01-29,23.301999999999996,23.258268
2018-01-30,23.0547,23.282656
2018-01-31,23.620699999999996,23.29365
2018-02-01,23.283299999999997,23.341133
2018-02-02,22.9167,23.380629
2018-02-05,22.2087,23.3823
2018-02-06,22.264699999999998,23.30247
2018-02-07,23.0,23.181652
2018-02-08,21.0153,23.103594
2018-02-09,20.6947,22.897121
2018-02-12,21.0487,22.59883
2018-02-13,21.5773,22.29347
2018-02-14,21.4873,22.049095
2018-02-15,22.270999999999997,21.85405
2018-02-16,22.365999999999996,21.768282
2018-02-20,22.318,21.76597
2018-02-21,22.219999999999995,21.81305
2018-02-22,23.077999999999996,21.880339
2018-02-23,23.47,22.025429
2018-02-26,23.828,22.24109
2018-02-27,23.399299999999997,22.51463
2018-02-28,22.8707,22.769773
2018-03-01,22.062,22.95145
2018-03-02,22.341299999999997,23.007486
2018-03-05,22.223299999999995,23.00247
2018-03-06,21.88,22.949326
2018-03-07,22.153299999999998,22.84139
2018-03-08,21.94,22.728647
2018-03-09,21.8113,22.603645
2018-03-12,23.034,22.469528
2018-03-13,22.789299999999997,22.438753
2018-03-14,21.7753,22.455769
2018-03-15,21.7067,22.4195
2018-03-16,21.4233,22.346924
2018-03-19,20.904,22.234032
2018-03-20,20.7033,22.062
2018-03-21,21.102,21.849104
2018-03-22,20.6067,21.658459
2018-03-23,20.1027,21.45586
2018-03-26,20.2787,21.219885
2018-03-27,18.612,20.994646
2018-03-28,17.1853,20.658169
2018-03-29,17.742,20.161083
2018-04-02,16.832,19.644394
2018-04-03,17.8353,19.080221
2018-04-04,19.1293,18.608513
2018-04-05,20.3813,18.334696
2018-04-06,19.9533,18.307667
2018-04-09,19.3107,18.404829
2018-04-10,20.3133,18.522085
2018-04-11,20.062,18.725101
2018-04-12,19.6053,18.947802
2018-04-13,20.0227,19.129805
2018-04-16,19.414,19.306463
2018-04-17,19.1793,19.417465
2018-04-18,19.5567,19.459465
2018-04-19,20.0053,19.484932
2018-04-20,19.3493,19.534004
2018-04-23,18.8913,19.540995
2018-04-24,18.8973,19.483469
2018-04-25,18.7127,19.38969
2018-04-26,19.032,19.264843
2018-04-27,19.605,19.155178
2018-04-30,19.5933,19.10942
2018-05-01,19.9947,19.106518
2018-05-02,20.0767,19.163412
2018-05-03,18.9633,19.260761
2018-05-04,19.606,19.286676
2018-05-07,20.1847,19.317522
2018-05-08,20.1313,19.396212
2018-05-09,20.4567,19.495039
2018-05-10,20.3347,19.625563
2018-05-11,20.0707,19.756664
2018-05-14,19.4647,19.857054
2018-05-15,18.9453,19.88155
2018-05-16,19.0987,19.81413
2018-05-17,18.9693,19.705835
2018-05-18,18.4547,19.569056
2018-05-21,18.966,19.382553
2018-05-22,18.334,19.219498
2018-05-23,18.6047,19.032263
2018-05-24,18.5233,18.86533
2018-05-25,18.59,18.717129
2018-05-29,18.9173,18.597208
2018-05-30,19.448,18.530638
2018-05-31,18.982,18.545816
2018-06-01,19.4547,18.574234
2018-06-04,19.7827,18.647278
2018-06-05,19.4087,18.769974
2018-06-06,21.3,18.884987
2018-06-07,21.0727,19.139606
2018-06-08,21.1773,19.445683
2018-06-11,22.14,19.770073
2018-06-12,22.851299999999995,20.160128
2018-06-13,22.9853,20.620625
2018-06-14,23.847999999999995,21.102411
2018-06-15,23.877999999999997,21.631887
2018-06-18,24.722,22.154615
2018-06-19,23.5033,22.702658
2018-06-20,24.147999999999996,23.126627
2018-06-21,23.1673,23.492678
2018-06-22,22.242,23.714705
2018-06-25,22.200699999999998,23.753374
2018-06-26,22.8,23.669405
2018-06-27,22.9667,23.562244
2018-06-28,23.328699999999998,23.461277
2018-06-29,22.863299999999995,23.400648
2018-07-02,22.337999999999997,23.331993
2018-07-03,20.724,23.220726
2018-07-05,20.6107,22.959982
2018-07-06,20.5933,22.61523
2018-07-09,21.234,22.241749
2018-07-10,21.498,21.929747
2018-07-11,21.264,21.701172
2018-07-12,21.114,21.523495
2018-07-13,21.258,21.379362
2018-07-16,20.6733,21.279257
2018-07-17,21.5127,21.167492
2018-07-18,21.59,21.124994
2018-07-19,21.3487,21.136076
2018-07-20,20.9053,21.160862
2018-07-23,20.2133,21.156757
2018-07-24,19.8287,21.078802
2018-07-25,20.5827,20.92886
2018-07-26,20.4433,20.805517
2018-07-27,19.812,20.696735
2018-07-30,19.3447,20.553934
2018-07-31,19.876,20.362322
2018-08-01,20.056,20.197018
2018-08-02,23.3027,20.075174
2018-08-03,23.2113,20.252623
2018-08-06,22.799299999999995,20.599323
2018-08-07,25.3047,20.99419
2018-08-08,24.6893,21.59418
2018-08-09,23.4967,22.230127
2018-08-10,23.699299999999997,22.744766
2018-08-13,23.7607,23.161064
2018-08-14,23.176,23.489098
2018-08-15,22.5793,23.688845
2018-08-16,22.363299999999995,23.743452
2018-08-17,20.3667,23.684036
2018-08-20,20.5627,23.394142
2018-08-21,21.46,22.995548
2018-08-22,21.4427,22.630133
2018-08-23,21.34,22.310863
2018-08-24,21.5213,22.035854
2018-08-27,21.2847,21.824036
2018-08-28,20.7907,21.64905
2018-08-29,20.334,21.470747
2018-08-30,20.21,21.267073
2018-08-31,20.1107,21.052881
2018-09-04,19.2633,20.840227
2018-09-05,18.716,20.575987
2018-09-06,18.73,20.254635
2018-09-07,17.5493,19.922276
2018-09-10,19.0333,19.512325
2018-09-11,18.6293,19.203445
2018-09-12,19.3693,18.948963
2018-09-13,19.2973,18.807459
2018-09-14,19.68,18.742449
2018-09-17,19.656,18.761864
2018-09-18,18.9973,18.83177
2018-09-19,19.9347,18.87558
2018-09-20,19.8887,18.975603
2018-09-21,19.94,19.100376
2018-09-24,19.9787,19.235708
2018-09-25,20.066,19.370834
2018-09-26,20.6387,19.50284
2018-09-27,20.5013,19.669327
2018-09-28,17.6513,19.834085
2018-10-01,20.7133,19.754847
2018-10-02,20.068,19.774395
2018-10-03,19.6533,19.802908
2018-10-04,18.7887,19.800882
2018-10-05,17.4633,19.709616
2018-10-08,16.704,19.461466
2018-10-09,17.52,19.071072
2018-10-10,17.1253,18.685278
2018-10-11,16.8153,18.298939
2018-10-12,17.252,17.915552
2018-10-15,17.306,17.597532
2018-10-16,18.4393,17.348938
2018-10-17,18.1187,17.254194
2018-10-18,17.594,17.238533
2018-10-19,17.3333,17.23215
2018-10-22,17.3967,17.211552
2018-10-23,19.6093,17.189
2018-10-24,19.2333,17.345526
2018-10-25,20.9907,17.57399
2018-10-26,22.06,17.972967
2018-10-29,22.323299999999996,18.537426
2018-10-30,21.9933,19.186554
2018-10-31,22.488,19.814735
2018-11-01,22.952,20.423338
2018-11-02,23.094,21.012093
2018-11-05,22.76,21.555847
2018-11-06,22.737299999999998,22.003168
2018-11-07,23.210699999999996,22.35384
2018-11-08,23.426699999999997,22.655176
2018-11-09,23.3673,22.919785
2018-11-12,22.0853,23.135998
2018-11-13,22.582,23.200794
2018-11-14,22.9333,23.205
2018-11-15,23.229299999999995,23.198765
2018-11-16,23.620699999999996,23.210022
2018-11-19,23.5647,23.263031
2018-11-20,23.165999999999997,23.333853
2018-11-21,22.546,23.37833
2018-11-23,21.722,23.352634
2018-11-26,23.0667,23.217758
2018-11-27,22.928,23.133213
2018-11-28,23.1913,23.075474
2018-11-29,22.7447,23.06027
2018-11-30,23.365299999999998,23.036907
2018-12-03,23.899299999999997,23.060715
2018-12-04,23.98,23.156168
2018-12-06,24.204,23.296537
2018-12-07,23.8643,23.473269
2018-12-10,24.3433,23.632423
2018-12-11,24.450699999999998,23.807745
2018-12-12,24.44,23.989054
2018-12-13,25.1193,24.159739
2018-12-14,24.380699999999997,24.366226
2018-12-17,23.228,24.519707
2018-12-18,22.468699999999995,24.534298
2018-12-19,22.197999999999997,24.39823
2018-12-20,21.0253,24.154934
2018-12-21,21.318,23.766394
2018-12-24,19.6927,23.338434
2018-12-26,21.7393,22.785269
2018-12-27,21.0753,22.359776
2018-12-28,22.258,21.992699
2018-12-31,22.186699999999995,21.785666
2019-01-02,20.6747,21.68987
2019-01-03,20.024,21.5495
2019-01-04,21.1793,21.339302
2019-01-07,22.3307,21.194744
2019-01-08,22.356699999999996,21.196072
2019-01-09,22.568699999999996,21.291866
2019-01-10,22.997999999999998,21.45771
2019-01-11,23.150699999999997,21.690733
2019-01-14,22.293299999999995,21.961658
2019-01-15,22.961999999999996,22.167015
2019-01-16,23.07,22.370005
2019-01-17,23.153999999999996,22.565163
2019-01-18,20.1507,22.747429
2019-01-22,19.928,22.66387
2019-01-23,19.1727,22.400242
2019-01-24,19.434,21.98097
2019-01-25,19.8027,21.515055
2019-01-28,19.7587,21.083508
2019-01-29,19.8307,20.701702
2019-01-30,20.5847,20.38533
2019-01-31,20.468,20.194933
2019-02-01,20.814,20.089285
2019-02-04,20.8593,20.07353
2019-02-05,21.4233,20.12008
2019-02-06,21.148,20.24879
2019-02-07,20.5007,20.398151
2019-02-08,20.3867,20.497398
2019-02-11,20.856,20.548567
2019-02-12,20.7873,20.603613
2019-02-13,20.5447,20.651375
2019-02-14,20.2513,20.671124
2019-02-15,20.5253,20.647741
2019-02-19,20.376,20.620815
2019-02-20,20.1707,20.581398
2019-02-21,19.4153,20.520197
2019-02-22,19.6473,20.388508
2019-02-25,19.918,20.240658
2019-02-26,19.8573,20.115398
2019-02-27,20.9827,20.00871
2019-02-28,21.3253,20.012674
2019-03-01,19.6527,20.114237
2019-03-04,19.024,20.134792
2019-03-05,18.436,20.05188
2019-03-06,18.416,19.862404
2019-03-07,18.4393,19.61796
2019-03-08,18.9427,19.358604
2019-03-11,19.3947,19.149456
2019-03-12,18.8907,19.023947
2019-03-13,19.264,18.919947
2019-03-14,19.3307,18.867489
2019-03-15,18.362,18.857225
2019-03-18,17.966,18.796417
2019-03-19,17.8313,18.676294
2019-03-20,18.24,18.516838
2019-03-21,18.268,18.377296
2019-03-22,17.6353,18.262917
2019-03-25,17.3613,18.121794
2019-03-26,17.8513,17.952034
2019-03-27,18.322,17.81626
2019-03-28,18.5747,17.750072
2019-03-29,18.6573,17.753271
2019-04-01,19.2787,17.806927
2019-04-02,19.0587,17.938883
2019-04-03,19.454,18.093185
2019-04-04,17.852,18.282269
2019-04-05,18.3307,18.350239
2019-04-08,18.2133,18.375044
2019-04-09,18.154,18.361307
2019-04-10,18.404,18.319141
2019-04-11,17.8947,18.28202
2019-04-12,17.8467,18.209547
2019-04-15,17.7587,18.11595
2019-04-16,18.224,18.008734
2019-04-17,18.082,17.938263
2019-04-18,18.2173,17.884823
2019-04-22,17.5167,17.856995
2019-04-23,17.5933,17.791037
2019-04-24,17.244,17.712019
2019-04-25,16.5087,17.602566
2019-04-26,15.676,17.422674
2019-04-29,16.098,17.144392
2019-04-30,15.9127,16.85829
2019-05-01,15.600700000000002,16.573463
2019-05-02,16.2733,16.285234
2019-05-03,17.002,16.070156
2019-05-06,17.0227,15.97608
2019-05-07,16.4707,15.967473
2019-05-08,16.3227,15.969451
2019-05-09,16.132,15.966344
2019-05-10,15.968,15.945241
2019-05-13,15.133999999999999,15.901291
2019-05-14,15.487299999999998,15.779098
2019-05-15,15.4633,15.644643
2019-05-16,15.221999999999998,15.510433
2019-05-17,14.068699999999998,15.366707
2019-05-20,13.6907,15.134762
2019-05-21,13.672,14.83348
2019-05-22,12.848699999999997,14.508974
2019-05-23,13.0327,14.127575
2019-05-24,12.708700000000002,13.752731
2019-05-28,12.580000000000002,13.383729
2019-05-29,12.6573,13.035191
2019-05-30,12.548000000000002,12.73151
2019-05-31,12.344,12.470007
2019-06-03,11.9313,12.2382965
2019-06-04,12.9067,12.00968
2019-06-05,13.106000000000002,11.877989
2019-06-06,13.73,11.833866
2019-06-07,13.633300000000002,11.898605
2019-06-10,14.192,12.020253
2019-06-11,14.473299999999998,12.213984
2019-06-12,13.9507,12.462123
2019-06-13,14.260700000000002,12.684845
2019-06-14,14.327999999999998,12.899875
2019-06-17,15.001999999999999,13.09974
2019-06-18,14.982699999999998,13.329234
2019-06-19,15.0953,13.559049
2019-06-20,14.641300000000001,13.780922
2019-06-21,14.7907,13.944817
2019-06-24,14.909300000000002,14.0716095
2019-06-25,14.6507,14.174935
2019-06-26,14.618,14.234801
2019-06-27,14.856,14.259797
2019-06-28,14.897300000000001,14.2797785
2019-07-01,15.1447,14.298301
2019-07-02,14.969999999999999,14.334254
2019-07-03,15.66,14.364553
2019-07-05,15.54,14.444387
2019-07-08,15.356,14.5402775
2019-07-09,15.3373,14.624479
2019-07-10,15.927999999999999,14.69363
2019-07-11,15.906699999999999,14.795706
2019-07-12,16.3387,14.9095545
2019-07-15,16.9,15.057166
2019-07-16,16.8253,15.260541
2019-07-17,16.9907,15.478358
2019-07-18,16.9027,15.702569
2019-07-19,17.212,15.907302
2019-07-22,17.0453,16.109476
2019-07-23,17.3447,16.281698
2019-07-24,17.6587,16.446205
2019-07-25,15.2547,16.61891
2019-07-26,15.2027,16.590311
2019-07-29,15.718,16.431728
2019-07-30,16.1507,16.243992
2019-07-31,16.1073,16.086205
2019-08-01,15.590000000000002,15.955231
2019-08-02,15.6227,15.809098
2019-08-05,15.2213,15.666722
2019-08-06,15.3833,15.505126
2019-08-07,15.561300000000001,15.356372
2019-08-08,15.8867,15.241216
2019-08-09,15.6673,15.182139
2019-08-12,15.267299999999999,15.145512
2019-08-13,15.6667,15.093787
2019-08-14,14.641300000000001,15.068556
2019-08-15,14.376000000000001,14.979845
2019-08-16,14.662700000000001,14.836053
2019-08-19,15.121999999999998,14.69106
2019-08-20,15.0573,14.592895
2019-08-21,14.721999999999998,14.52642
2019-08-22,14.81,14.457925
2019-08-23,14.0933,14.400259
2019-08-26,14.3333,14.296306
2019-08-27,14.272,14.189866
2019-08-28,14.3727,14.084906
2019-08-29,14.780700000000001,13.996652
2019-08-30,15.0407,13.958221
2019-09-03,15.000699999999998,13.975148
2019-09-04,14.712,14.022781
2019-09-05,15.3053,14.063271
2019-09-06,15.1633,14.143941
2019-09-09,15.4527,14.232976
2019-09-10,15.7027,14.343963
2019-09-11,16.4733,14.480863
2019-09-12,16.3913,14.686066
2019-09-13,16.3467,14.912973
2019-09-16,16.1873,15.133259
2019-09-17,16.3193,15.320298
2019-09-18,16.2327,15.483052
2019-09-19,16.44,15.611386
2019-09-20,16.0413,15.724943
2019-09-23,16.082,15.788533
2019-09-24,14.8807,15.818783
2019-09-25,15.2467,15.728929
2019-09-26,16.1707,15.598703
2019-09-27,16.142,15.526747
2019-09-30,16.058,15.494621
2019-10-01,16.3127,15.483158
2019-10-02,16.2087,15.506144
2019-10-03,15.5353,15.541084
2019-10-04,15.4287,15.526988
2019-10-07,15.848,15.474356
2019-10-08,16.0033,15.435025
2019-10-09,16.302,15.419602
2019-10-10,16.316,15.444442
2019-10-11,16.526,15.494141
2019-10-14,17.1307,15.572856
2019-10-15,17.1927,15.712932
2019-10-16,17.3167,15.8867235
2019-10-17,17.4647,16.079105
2019-10-18,17.13,16.281103
2019-10-21,16.9,16.447393
2019-10-22,17.0387,16.560213
2019-10-23,16.9787,16.64194
2019-10-24,19.9787,16.692987
2019-10-25,21.8753,16.96243
2019-10-28,21.8473,17.503805
2019-10-29,21.0813,18.17538
2019-10-30,21.0007,18.817951
2019-10-31,20.9947,19.388365
2019-11-01,20.8873,19.870611
2019-11-04,21.1647,20.252499
2019-11-05,21.148,20.56464
2019-11-06,21.772,20.807617
2019-11-07,22.369299999999996,21.038774
2019-11-08,22.476,21.293203
2019-11-11,23.006,21.551666
2019-11-12,23.328699999999998,21.836182
2019-11-13,23.073999999999998,22.142088
2019-11-14,23.289999999999996,22.418007
2019-11-15,23.478,22.671938
2019-11-18,23.332699999999996,22.908323
2019-11-19,23.968,23.104107
2019-11-20,23.4813,23.31117
2019-11-21,23.6553,23.470234
2019-11-22,22.2027,23.601103
2019-11-25,22.422699999999995,23.586208
2019-11-26,21.928,23.498068
2019-11-27,22.086,23.329859
2019-11-29,21.996,23.136126
2019-12-02,22.3247,22.933147
2019-12-03,22.4133,22.765951
2019-12-04,22.202,22.64099
2019-12-05,22.0247,22.534979
2019-12-06,22.392699999999998,22.434685
2019-12-09,22.635299999999997,22.375618
2019-12-10,23.255999999999997,22.366982
2019-12-11,23.513299999999997,22.441502
2019-12-12,23.9787,22.58423
2019-12-13,23.892699999999998,22.797552
2019-12-16,25.433299999999996,23.03295
2019-12-17,25.266,23.39032
2019-12-18,26.21,23.784817
2019-12-19,26.936000000000003,24.250378
2019-12-20,27.039299999999997,24.785484
2019-12-23,27.948,25.333084
2019-12-24,28.35,25.921865
2019-12-26,28.7293,26.52542
2019-12-27,28.692,27.123968
2019-12-30,27.6467,27.671207
2019-12-31,27.888699999999996,28.059118
2020-01-02,28.684,28.33679
2020-01-03,29.534000000000002,28.588497
2020-01-06,30.1027,28.873695
2020-01-07,31.270699999999998,29.20449
2020-01-08,32.8093,29.634579
2020-01-09,32.0893,30.221119
2020-01-10,31.8767,30.80305
2020-01-13,34.9907,31.321136
2020-01-14,35.8614,32.01651
2020-01-15,34.5667,32.8427
2020-01-16,34.2327,33.582138
2020-01-17,34.0334,34.183838
2020-01-21,36.48,34.63668
2020-01-22,37.9707,35.163067
2020-01-23,38.1467,35.81794
2020-01-24,37.6547,36.517864
2020-01-27,37.2014,37.1521
2020-01-28,37.7934,37.65928
2020-01-29,38.7327,38.096832
2020-01-30,42.7207,38.534462
2020-01-31,43.3714,39.26936
2020-02-03,51.99999999999999,40.188225
2020-02-04,59.1374,41.87432
2020-02-05,48.98,44.51474
2020-02-06,49.9307,46.698696
2020-02-07,49.8714,48.51516
2020-02-10,51.4187,49.955254
2020-02-11,51.6254,51.17657
2020-02-12,51.1527,52.179592
2020-02-13,53.599999999999994,52.924698
2020-02-14,53.3354,53.65468
2020-02-18,57.2267,54.291603
2020-02-19,61.1614,55.1491
2020-02-20,59.9607,56.40908
2020-02-21,60.0667,57.718723
2020-02-24,55.586,58.968586
2020-02-25,53.327400000000004,59.70125
2020-02-26,51.92000000000001,59.863567
2020-02-27,45.2667,59.5361
2020-02-28,44.5327,58.361347
2020-03-02,49.5747,56.68951
2020-03-03,49.7007,55.25831
2020-03-04,49.9667,54.09159
2020-03-05,48.3027,53.202927
2020-03-06,46.8987,52.418453
2020-03-09,40.5334,51.645584
2020-03-10,43.022,50.40875
2020-03-11,42.282,49.191906
2020-03-12,37.37,48.01816
2020-03-13,36.4414,46.552902
2020-03-16,29.671299999999995,44.944405
2020-03-17,28.68,42.808903
2020-03-18,24.081299999999995,40.429085
2020-03-19,28.509300000000003,37.69958
2020-03-20,28.502,35.32306
2020-03-23,28.9527,33.345562
2020-03-24,33.6667,31.806248
2020-03-25,35.95,31.047134
2020-03-26,35.2107,31.026997
2020-03-27,34.2907,31.41768
2020-03-30,33.4754,31.966864
2020-03-31,34.9334,32.51125
2020-04-01,32.104,33.13424
2020-04-02,30.298000000000002,33.52714
2020-04-03,32.0007,33.597202
2020-04-06,34.416,33.59839
2020-04-07,36.3634,33.753025
2020-04-08,36.5894,34.15116
2020-04-09,38.2,34.68997
2020-04-13,43.3967,35.40958
2020-04-14,47.326,36.619408
2020-04-15,48.6554,38.373413
2020-04-16,49.6807,40.449173
2020-04-17,50.25940000000001,42.657158
2020-04-20,49.7574,44.829483
2020-04-21,45.7814,46.770744
2020-04-22,48.8074,48.08183
2020-04-23,47.042,49.150738
2020-04-24,48.3434,49.83081
2020-04-27,53.25,50.321243
2020-04-28,51.2747,51.064125
2020-04-29,53.3674,51.73543
2020-04-30,52.1254,52.486954
2020-05-01,46.7547,53.123306
2020-05-04,50.746,53.1845
2020-05-05,51.214,53.220547
2020-05-06,52.172,53.27254
2020-05-07,52.0027,53.409958
2020-05-08,54.628,53.57487
2020-05-11,54.08599999999999,53.96675
2020-05-12,53.9607,54.4234
2020-05-13,52.7307,54.876152
2020-05-14,53.5554,55.18803
2020-05-15,53.278,55.458637
2020-05-18,54.242,55.657978
2020-05-19,53.8674,55.878807
2020-05-20,54.37069999999999,56.06301
2020-05-21,55.1734,56.252735
2020-05-22,54.4587,56.49866
2020-05-26,54.5914,56.699295
2020-05-27,54.682,56.867844
2020-05-28,53.72070000000001,57.01064
2020-05-29,55.666700000000006,57.044277
2020-06-01,59.8734,57.172684
2020-06-02,58.7707,57.706284
2020-06-03,58.86399999999999,58.35552
2020-06-04,57.625400000000006,59.037037
2020-06-05,59.044000000000004,59.580948
2020-06-08,63.328,60.118717
2020-06-09,62.7114,60.97509
2020-06-10,68.3367,61.907494
2020-06-11,64.856,63.298607
2020-06-12,62.352,64.56444
2020-06-15,66.06,65.441635
2020-06-16,65.4754,66.32752
2020-06-17,66.1194,67.09275
2020-06-18,66.9307,67.776634
2020-06-19,66.7267,68.423065
2020-06-22,66.288,68.97483
2020-06-23,66.7854,69.38472
2020-06-24,64.0567,69.71542
2020-06-25,65.732,69.732864
2020-06-26,63.9827,69.69942
2020-06-29,67.29,69.481995
2020-06-30,71.9874,69.45266
2020-07-01,74.642,69.94389
2020-07-02,80.5774,70.94747
2020-07-06,91.4387,72.70838
2020-07-07,92.6574,75.75213
2020-07-08,91.0587,79.46059
2020-07-09,92.952,83.15485
2020-07-10,102.9767,86.7187
2020-07-13,99.804,90.805626
2020-07-14,101.1201,94.58664
2020-07-15,103.0674,97.99064
2020-07-16,100.0427,101.04807
2020-07-17,100.0561,103.35348
2020-07-20,109.5334,104.999176
2020-07-21,104.55739999999999,106.944756
2020-07-22,106.15540000000001,108.433624
2020-07-23,100.87140000000001,109.665726
2020-07-24,94.4667,110.14564
2020-07-27,102.64009999999999,109.54601
2020-07-28,98.4327,109.0713
2020-07-29,99.9407,108.30437
2020-07-30,99.166,107.56226
2020-07-31,95.384,106.82075
2020-08-03,99.0,105.80246
2020-08-04,99.1334,105.030846
2020-08-05,99.0014,104.48012
2020-08-06,99.3054,104.10309
2020-08-07,96.8474,103.896614
2020-08-10,94.5714,103.595695
2020-08-11,91.626,103.065865
2020-08-12,103.6507,102.18073
2020-08-13,108.0667,102.23181
2020-08-14,110.0474,103.233376
2020-08-17,122.3761,104.92151
2020-08-18,125.8061,108.02329
2020-08-19,125.2354,112.04838
2020-08-20,133.4554,116.26707
2020-08-21,136.6654,121.02384
2020-08-24,134.2801,125.99736
2020-08-25,134.8894,130.45416
2020-08-26,143.5447,134.26987
2020-08-27,149.2501,138.16292
2020-08-28,147.5601,142.26953
2020-08-31,166.1067,145.96526
2020-09-01,158.35,150.85298
2020-09-02,149.1233,155.23483
2020-09-03,135.6667,158.05585
2020-09-04,139.44,158.39774
2020-09-08,110.07,157.57373
2020-09-09,122.0933,153.28583
2020-09-10,123.78,148.47365
2020-09-11,124.24,143.83319
2020-09-14,139.8733,139.72127
2020-09-15,149.92,137.73756
2020-09-16,147.2533,138.13728
2020-09-17,141.1433,139.72496
2020-09-18,147.3833,141.37741
2020-09-21,149.7967,143.56047
2020-09-22,141.41,146.1052
2020-09-23,126.7867,147.86052
2020-09-24,129.2633,147.62872
2020-09-25,135.78,146.47409
2020-09-28,140.4,145.43732
2020-09-29,139.69,144.96135
2020-09-30,143.0033,144.78572
2020-10-01,149.3867,145.12724
2020-10-02,138.3633,146.35362
2020-10-05,141.8933,146.96161
2020-10-06,137.9933,147.51472
2020-10-07,141.7667,147.6027
2020-10-08,141.9733,147.76503
2020-10-09,144.6667,147.961
2020-10-12,147.4333,148.41348
2020-10-13,148.8833,149.23695
2020-10-14,153.7667,150.34715
2020-10-15,149.6267,152.00006
2020-10-16,146.5567,153.43436
2020-10-19,143.61,154.33386
2020-10-20,140.6467,154.55301
2020-10-21,140.88,154.0566
2020-10-22,141.93,153.18736
2020-10-23,140.21,152.25337
2020-10-26,140.0933,151.1875
2020-10-27,141.56,150.12556
2020-10-28,135.34,149.29564
2020-10-29,136.9433,148.08939
2020-10-30,129.3467,146.93266
2020-11-02,133.5033,145.18735
2020-11-03,141.3,143.64961
2020-11-04,140.3267,143.08804
2020-11-05,146.03,143.06438
2020-11-06,143.3167,143.92682
2020-11-09,140.42,144.99745
2020-11-10,136.7867,145.85117
2020-11-11,139.0433,146.16972
2020-11-12,137.2533,146.35638
2020-11-13,136.1667,146.26492
2020-11-16,136.03,145.9109
2020-11-17,147.2033,145.41254
2020-11-18,162.2133,145.9178
2020-11-19,166.4233,148.38399
2020-11-20,163.2033,152.2132
2020-11-23,173.95,156.2471
2020-11-24,185.1266,161.11726
2020-11-25,191.3333,167.12979
2020-11-27,195.2533,173.88933
2020-11-30,189.2,180.87375
2020-12-01,194.92,186.74377
2020-12-02,189.6066,191.97722
2020-12-03,197.7933,195.75392
2020-12-04,199.68,199.10518
2020-12-07,213.91999999999996,201.99806
2020-12-08,216.6266,205.73915
2020-12-09,201.4933,209.82877
2020-12-10,209.02330000000003,212.1854
2020-12-11,203.33,214.09244
2020-12-14,213.2766,214.89418
2020-12-15,211.0833,215.96387
2020-12-16,207.59,216.79181
2020-12-17,218.63330000000002,217.04002
2020-12-18,231.66660000000002,218.04153
2020-12-21,216.62,220.66522
2020-12-22,213.4466,222.4192
2020-12-23,215.3266,223.25081
2020-12-24,220.59,223.64308
2020-12-28,221.23,224.24387
2020-12-29,221.9966,224.93889
2020-12-30,231.5933,225.69691
2020-12-31,235.22329999999997,227.3999
2021-01-04,243.25660000000002,229.83344
2021-01-05,245.0366,233.29854
2021-01-06,251.99330000000003,237.2048
2021-01-07,272.0133,241.7279
2021-01-08,293.34,248.25562
2021-01-11,270.3966,257.52048
2021-01-12,283.1466,264.9502
2021-01-13,284.8033,272.0596
2021-01-14,281.6666,278.30557
2021-01-15,275.3866,283.00098
2021-01-19,281.5166,285.57074
2021-01-20,283.4833,287.2462
2021-01-21,281.6633,288.3056
2021-01-22,282.2133,288.6173
2021-01-25,293.6,288.47635
2021-01-26,294.3633,289.2686
2021-01-27,288.0533,290.50586
2021-01-28,278.4766,291.18613
2021-01-29,264.51,290.46893
2021-02-01,279.9366,287.5445
2021-02-02,290.93,285.34796
2021-02-03,284.8966,284.84314
2021-02-04,283.33,284.6767
2021-02-05,284.0766,284.6364
2021-02-08,287.8066,284.7861
2021-02-09,283.1533,285.44577
2021-02-10,268.2733,285.82526
2021-02-11,270.5533,284.44342
2021-02-12,272.04,282.5124
2021-02-16,265.4066,280.5729
2021-02-17,266.05,278.098
2021-02-18,262.46,275.67572
2021-02-19,260.4333,273.14288
2021-02-22,238.16660000000002,270.61996
2021-02-23,232.9466,266.02866
2021-02-24,247.34,260.2904
2021-02-25,227.4066,255.96463
2021-02-26,225.16660000000002,250.73782
2021-03-01,239.47660000000002,245.42351
2021-03-02,228.81330000000003,242.0803
2021-03-03,217.73329999999999,239.08118
2021-03-04,207.14660000000003,235.5592
2021-03-05,199.3166,231.08499
2021-03-08,187.6666,225.7597
2021-03-09,224.5266,219.31758
2021-03-10,222.6866,216.59447
2021-03-11,233.19999999999996,216.00229
2021-03-12,231.24329999999998,217.90749
2021-03-15,235.98,220.95438
2021-03-16,225.62660000000002,224.9611
2021-03-17,233.9366,228.11082
2021-03-18,217.72000000000003,231.37563
2021-03-19,218.29,232.66588
2021-03-22,223.33330000000004,232.78308
2021-03-23,220.72,232.65974
2021-03-24,210.09,232.07263
2021-03-25,213.46330000000003,230.16728
2021-03-26,206.2366,228.03722
2021-03-29,203.7633,225.19342
2021-03-30,211.8733,221.96996
2021-03-31,222.6433,219.64655
2021-04-01,220.5833,219.13153
2021-04-05,230.35,219.5104
2021-04-06,230.54,221.43623
2021-04-07,223.6566,224.11127
2021-04-08,227.9333,226.30687
2021-04-09,225.6733,228.49663
2021-04-12,233.9933,230.2137
2021-04-13,254.1066,232.34747
2021-04-14,244.07660000000004,236.55879
2021-04-15,246.2833,240.46054
2021-04-16,246.59329999999997,244.09973
2021-04-19,238.21000000000004,247.23102
2021-04-20,239.6633,248.84839
2021-04-21,248.03999999999996,249.57338
2021-04-22,239.8966,250.51852
2021-04-23,243.1333,250.56418
2021-04-26,246.0666,250.43747
2021-04-27,234.9133,250.48032
2021-04-28,231.4666,249.42125
2021-04-29,225.6666,247.5094
2021-04-30,236.48,244.67424
2021-05-03,228.3,242.70255
2021-05-04,224.5333,240.5163
2021-05-05,223.6466,238.08858
2021-05-06,221.18,235.68869
2021-05-07,224.1233,233.2968
2021-05-10,209.68,231.4684
2021-05-11,205.7333,228.67409
2021-05-12,196.63,225.26959
2021-05-13,190.5633,220.92775
2021-05-14,196.58,215.88136
2021-05-17,192.2766,211.52415
2021-05-18,192.6233,207.53415
2021-05-19,187.82,204.21884
2021-05-20,195.5933,201.16447
2021-05-21,193.6266,199.37477
2021-05-24,202.1466,198.30905
2021-05-25,201.56329999999997,198.67358
2021-05-26,206.37659999999997,199.80487
2021-05-27,210.2833,201.8164
2021-05-28,208.4066,204.57123
2021-06-01,207.9666,207.33376
2021-06-02,201.7066,209.81996
2021-06-03,190.9466,211.27328
2021-06-04,199.6833,210.90048
2021-06-07,201.71,210.3692
2021-06-08,201.1966,209.91719
2021-06-09,199.5933,209.47795
2021-06-10,203.3733,208.92004
2021-06-11,203.2966,208.7243
2021-06-14,205.8966,208.73454
2021-06-15,199.7866,209.1329
2021-06-16,201.6233,209.10295
2021-06-17,205.5333,209.03606
2021-06-18,207.77,209.333
2021-06-21,206.94330000000002,210.02795
2021-06-22,207.9033,210.80862
2021-06-23,218.8566,211.67415
2021-06-24,226.6066,213.61627
2021-06-25,223.9566,216.76584
2021-06-28,229.57329999999996,220.05385
2021-06-29,226.91999999999996,223.71722
2021-06-30,226.5666,226.95514
2021-07-01,225.9733,229.59937
2021-07-02,226.30000000000004,231.55478
2021-07-06,219.86,232.92052
2021-07-07,214.8833,233.10748
2021-07-08,217.6033,232.0667
2021-07-09,218.9833,230.66402
2021-07-12,228.56659999999997,229.27429
2021-07-13,222.8466,228.9845
2021-07-14,217.7933,228.74107
2021-07-15,216.8666,228.0758
2021-07-16,214.73999999999998,227.15746
2021-07-19,215.4066,225.96056
2021-07-20,220.1666,224.78983
2021-07-21,218.43,224.22882
2021-07-22,216.41999999999996,223.89125
2021-07-23,214.46,223.53845
2021-07-26,219.2066,223.03084
2021-07-27,214.9266,222.97887
2021-07-28,215.66000000000003,222.74837
2021-07-29,225.78330000000003,222.5396
2021-07-30,229.0666,223.39598
2021-08-02,236.5566,225.10213
2021-08-03,236.58,227.93039
2021-08-04,236.9733,231.14502
2021-08-05,238.21000000000004,234.34096
2021-08-06,233.03330000000003,237.34685
2021-08-09,237.92,239.39474
2021-08-10,236.6633,241.1908
2021-08-11,235.94,242.4748
2021-08-12,240.75,243.23746
2021-08-13,239.05660000000003,244.09488
2021-08-16,228.72329999999997,244.69884
2021-08-17,221.90330000000003,244.01355
2021-08-18,229.66330000000002,241.96306
2021-08-19,224.49,240.11069
2021-08-20,226.75330000000002,237.95064
2021-08-23,235.43330000000003,236.0761
2021-08-24,236.16330000000002,235.43298
2021-08-25,237.0666,235.6283
2021-08-26,233.72,236.42432
2021-08-27,237.3066,237.17595
2021-08-30,243.6366,238.23701
2021-08-31,245.24000000000004,240.02644
2021-09-01,244.6966,242.221
2021-09-02,244.13000000000002,244.39174
2021-09-03,244.5233,246.28535
2021-09-07,250.9733,247.8676
2021-09-08,251.28999999999996,249.77087
2021-09-09,251.62000000000003,251.66147
2021-09-10,245.42330000000004,253.38452
2021-09-13,247.6666,254.17166
2021-09-14,248.1633,254.57983
2021-09-15,251.9433,254.73372
2021-09-16,252.33,255.09642
2021-09-17,253.16330000000002,255.55153
2021-09-20,243.39,256.09702
2021-09-21,246.46,255.60454
2021-09-22,250.6466,254.92007
2021-09-23,251.2133,254.59079
2021-09-24,258.13,254.53355
2021-09-27,263.7866,255.37335
2021-09-28,259.1866,257.2288
2021-09-29,260.4366,259.0036
2021-09-30,258.4933,260.73172
2021-10-01,258.4066,262.04596
2021-10-04,260.51,262.98056
2021-10-05,260.1966,263.80664
2021-10-06,260.9166,264.4252
2021-10-07,264.5366,264.92596
2021-10-08,261.83,265.67523
2021-10-11,263.98,266.1778
2021-10-12,268.5733,266.72565
2021-10-13,270.36,267.71194
2021-10-14,272.7733,269.01764
2021-10-15,281.01,270.63135
2021-10-18,290.0366,273.13477
2021-10-19,288.09,276.83682
2021-10-20,288.6,280.61893
2021-10-21,298.0,284.14224
2021-10-22,303.2266,288.1603
2021-10-25,341.62,292.547
2021-10-26,339.4766,300.88452
2021-10-27,345.9533,310.19757
2021-10-28,359.0133,319.88812
2021-10-29,371.3333,330.18457
2021-11-01,402.8633,340.99463
2021-11-02,390.6666,354.41943
2021-11-03,404.62,366.15268
2021-11-04,409.9700000000001,377.25998
2021-11-05,407.3632999999999,387.1063
2021-11-08,387.6466,394.5864
2021-11-09,341.1666,397.3616
2021-11-10,355.9833,391.68073
2021-11-11,354.5033,383.78998
2021-11-12,344.4733,374.9322
2021-11-15,337.7966,365.249
2021-11-16,351.5766,355.4519
2021-11-17,363.0033,348.27023
2021-11-18,365.46,344.58832
2021-11-19,379.02,343.63977
2021-11-22,385.6233,346.0664
2021-11-23,369.6766,350.99155
2021-11-24,372.0,355.09528
2021-11-26,360.64,358.78128
2021-11-29,378.9966,360.51413
2021-11-30,381.5866,363.1361
2021-12-01,365.0,366.07977
2021-12-02,361.5333,366.94354
2021-12-03,338.3233,366.24506
2021-12-06,336.3366,362.0353
2021-12-07,350.5833,356.20117
2021-12-08,356.32,351.61505
2021-12-09,334.6,348.73224
2021-12-10,339.01,344.67828
2021-12-13,322.1366,341.12845
2021-12-14,319.5033,336.33966
2021-12-15,325.33,331.24158
2021-12-16,308.9733,327.19705
2021-12-17,310.8566,322.37115
2021-12-20,299.98,318.0065
2021-12-21,312.8433,313.19635
2021-12-22,336.29,310.1821
2021-12-23,355.6666,311.0638
2021-12-27,364.6466,316.21692
2021-12-28,362.8233,324.34567
2021-12-29,362.0633,333.2156
2021-12-30,356.78,341.57004
2021-12-31,352.26,348.12225
2022-01-03,399.9266,352.3846
2022-01-04,383.1966,360.27786
2022-01-05,362.7066,366.96692
2022-01-06,354.9,369.9609
2022-01-07,342.32,369.66574
2022-01-10,352.7066,365.9821
2022-01-11,354.8,361.91394
2022-01-12,368.74,358.08545
2022-01-13,343.8533,356.33298
2022-01-14,349.87,353.00513
2022-01-18,343.5033,350.07346
2022-01-19,331.8833,346.9065
2022-01-20,332.09,342.7197
2022-01-21,314.6333,338.5441
2022-01-24,310.0,332.8881
2022-01-25,306.1333,326.65057
2022-01-26,312.47,320.36734
2022-01-27,276.3666,315.48398
2022-01-28,282.1166,307.9831
2022-01-31,312.24,300.72934
2022-02-01,310.4166,297.60358
2022-02-02,301.8866,296.87338
2022-02-03,297.0466,296.84888
2022-02-04,307.7733,296.88278
2022-02-07,302.4466,298.22037
2022-02-08,307.3333,299.57175
2022-02-09,310.6666,301.41376
2022-02-10,301.5166,303.70438
2022-02-11,286.6666,305.0056
2022-02-14,291.92,304.0328
2022-02-15,307.4766,302.48453
2022-02-16,307.7966,302.3686
2022-02-17,292.1166,303.00623
2022-02-18,285.66,302.31528
2022-02-22,273.8433,300.33344
2022-02-23,254.67999999999998,296.53793
2022-02-24,266.9233,290.0691
2022-02-25,269.9566,284.11337
2022-02-28,290.1433,279.25977
2022-03-01,288.1233,277.70206
2022-03-02,293.2966,277.95047
2022-03-03,279.7633,279.9053
2022-03-04,279.43,281.24823
2022-03-07,268.1933,282.2024
2022-03-08,274.8,281.63287
2022-03-09,286.3233,281.008
2022-03-10,279.4333,281.58734
2022-03-11,265.1166,282.00006
2022-03-14,255.4566,280.7974
2022-03-15,267.2966,277.82465
2022-03-16,280.0766,275.40714
2022-03-17,290.5333,274.81586
2022-03-18,301.7966,276.41693
2022-03-21,307.0533,280.3498
2022-03-22,331.3266,285.82245
2022-03-23,333.0366,294.33508
2022-03-24,337.9733,303.84494
2022-03-25,336.88,313.53476
2022-03-28,363.9466,322.1402
2022-03-29,366.5233,332.21707
2022-03-30,364.6633,342.0874
2022-03-31,359.2,350.47095
2022-04-01,361.53,356.35385
2022-04-04,381.8166,360.31424
2022-04-05,363.7533,364.88602
2022-04-06,348.5866,366.89758
2022-04-07,352.42,365.53015
2022-04-08,341.83,362.81308
2022-04-11,325.31,358.2405
2022-04-12,328.9833,351.2481
2022-04-13,340.79,344.1241
2022-04-14,328.3333,338.93393
2022-04-18,334.7633,333.9409
2022-04-19,342.7166,330.49356
2022-04-20,325.7333,329.21017
2022-04-21,336.26,327.4514
2022-04-22,335.0166,327.01514
2022-04-25,332.6733,327.2254
2022-04-26,292.14,327.6092
2022-04-27,293.8366,323.61243
2022-04-28,292.5033,318.0458
2022-04-29,290.2533,311.94174
2022-05-02,300.98,305.91602
2022-05-03,303.0833,301.76068
2022-05-04,317.54,299.31683
2022-05-05,291.0933,299.7706
2022-05-06,288.55,298.9676
2022-05-09,262.37,297.51468
2022-05-10,266.68,293.03192
2022-05-11,244.66660000000002,287.9019
2022-05-12,242.6666,280.509
2022-05-13,256.53,272.48895
2022-05-16,241.45660000000004,266.3592
2022-05-17,253.87,260.29962
2022-05-18,236.60330000000002,256.33878
2022-05-19,236.4733,252.17982
2022-05-20,221.3,248.4783
2022-05-23,224.9666,243.88292
2022-05-24,209.38659999999996,239.7147
2022-05-25,219.6,234.60817
2022-05-26,235.91000000000003,230.59917
2022-05-27,253.21,229.25551
2022-05-31,252.75329999999997,231.38112
2022-06-01,246.79,235.32915
2022-06-02,258.3333,239.45491
2022-06-03,234.5166,244.57773
2022-06-06,238.28,247.24947
2022-06-07,238.8866,248.73004
2022-06-08,241.8666,249.34747
2022-06-09,239.7066,249.65617
2022-06-10,232.22999999999996,249.47029
2022-06-13,215.7366,248.21333
2022-06-14,220.89,244.74867
2022-06-15,232.99999999999997,240.90727
2022-06-16,213.1,238.38762
2022-06-17,216.76,234.7745
2022-06-21,237.0366,231.3634
2022-06-22,236.0866,230.4509
2022-06-23,235.07,230.93576
2022-06-24,245.70659999999998,232.16597
2022-06-27,244.92,234.87282
2022-06-28,232.6633,238.09766
2022-06-29,228.48999999999998,240.08075
2022-06-30,224.47330000000002,240.77249
2022-07-01,227.2633,240.21185
2022-07-05,233.0666,239.24052
2022-07-06,231.7333,238.6728
2022-07-07,244.5433,238.21526
2022-07-08,250.76330000000002,239.20235
2022-07-11,234.34330000000003,241.53932
2022-07-12,233.07,242.73297
2022-07-13,237.04,243.10457
2022-07-14,238.3133,243.3512
2022-07-15,240.0666,243.5909
2022-07-18,240.5466,243.96947
2022-07-19,245.53,244.42863
2022-07-20,247.50000000000003,245.40602
2022-07-21,271.7066,246.77411
2022-07-22,272.2433,250.78166
2022-07-25,268.4333,255.90933
2022-07-26,258.86,260.8295
2022-07-27,274.82,264.14862
2022-07-28,280.9,267.92618
2022-07-29,297.15,272.10928
2022-08-01,297.2766,277.81128
2022-08-02,300.5866,283.7357
2022-08-03,307.3966,289.54327
2022-08-04,308.6333,295.38162
2022-08-05,288.17,300.68454
2022-08-08,290.4233,302.81216
2022-08-09,283.3333,303.18402
2022-08-10,294.3566,301.59247
2022-08-11,286.63,300.18887
2022-08-12,300.03,298.04785
2022-08-15,309.32,297.18442
2022-08-16,306.5633,298.05817
2022-08-17,303.9966,299.51758
2022-08-18,302.87,300.94324
2022-08-19,296.6666,302.1123
2022-08-22,289.9133,302.33932
2022-08-23,296.4533,301.29004
2022-08-24,297.0966,300.34473
2022-08-25,296.07,299.55646
2022-08-26,288.09,298.82492
2022-08-29,284.82,297.34555
2022-08-30,277.7,295.28745
2022-08-31,275.61,292.34814
2022-09-01,277.16,289.0161
2022-09-02,270.21,285.9711
2022-09-06,274.42,282.65573
2022-09-07,283.7,280.03888
2022-09-08,289.26,279.08377
2022-09-09,299.68,279.78204
2022-09-12,304.42,282.53497
2022-09-13,292.13,286.7317
2022-09-14,302.61,290.04095
2022-09-15,303.75,293.74704
2022-09-16,303.35,297.3469
2022-09-19,309.07,300.4538
2022-09-20,308.73,303.55887
2022-09-21,300.8,306.2287
2022-09-22,288.59,307.46164
2022-09-23,275.33,306.39914
2022-09-26,276.01,302.6904
2022-09-27,282.94,297.9242
2022-09-28,287.81,293.70633
2022-09-29,268.21,290.68802
2022-09-30,265.25,286.5496
2022-10-03,242.4,282.03024
2022-10-04,249.44000000000003,275.3428
2022-10-05,240.80999999999997,268.97327
2022-10-06,238.13,262.4689
2022-10-07,223.07,256.3424
2022-10-10,222.95999999999998,249.53549
2022-10-11,216.5,243.12119
2022-10-12,217.24,236.9351
2022-10-13,221.72000000000003,231.64241
2022-10-14,204.98999999999998,227.88887
2022-10-17,219.34999999999997,223.74654
2022-10-18,220.19,221.37267
2022-10-19,222.04000000000002,220.33118
2022-10-20,207.28,220.43208
2022-10-21,214.44,219.75023
2022-10-24,211.24999999999997,219.50455
2022-10-25,222.415,219.19263
2022-10-26,224.63999999999996,220.038
2022-10-27,225.09000000000003,221.67982
2022-10-28,228.52,223.70085
2022-10-31,227.54,226.12126
2022-11-01,227.82,228.43703
2022-11-02,214.98,230.50159
2022-11-03,215.31,230.8824
2022-11-04,207.47,230.3023
2022-11-07,197.08,228.36081
2022-11-08,191.3,224.7468
2022-11-09,177.59,219.91861
2022-11-10,190.72,213.44917
2022-11-11,195.97,207.96277
2022-11-14,190.95,204.01389
2022-11-15,194.42,200.85411
2022-11-16,186.92,198.86774
2022-11-17,183.17,197.04614
2022-11-18,180.19,195.19183
2022-11-21,167.87,193.23444
2022-11-22,169.91,190.21349
2022-11-23,183.2,187.09438
2022-11-25,182.86,185.49094
2022-11-28,182.92,184.87282
2022-11-29,180.83,184.94548
2022-11-30,194.7,185.25012
2022-12-01,194.7,187.06418
2022-12-02,194.86,189.58876
2022-12-05,182.45,192.35478
2022-12-06,179.82,193.79033
2022-12-07,174.04,194.08113
2022-12-08,173.44,193.07109
2022-12-09,179.05,191.31013
2022-12-12,167.82,189.78477
2022-12-13,160.95,187.39638
2022-12-14,156.8,184.07826
2022-12-15,157.67,180.1146
2022-12-16,150.23,176.2093
2022-12-19,149.87,171.96577
2022-12-20,137.8,167.89793
2022-12-21,137.57,163.15536
2022-12-22,125.35,158.45988
2022-12-23,123.15,153.06294
2022-12-27,109.1,147.56308
2022-12-28,112.71,141.19095
2022-12-29,121.82,135.22809
2022-12-30,123.17999999999999,130.85466
2023-01-03,108.09999999999998,127.942764
2023-01-04,113.63999999999999,124.81927
2023-01-05,110.33999999999999,122.40555
2023-01-06,113.06,120.331245
2023-01-09,119.77,118.91466
2023-01-10,118.85,118.64243
2023-01-11,123.22,119.0146
2023-01-12,123.56,120.17401
2023-01-13,122.4,121.75616
2023-01-17,131.49,123.36941
2023-01-18,128.78,125.71531
2023-01-19,127.16999999999999,128.0428
2023-01-20,133.42,130.02156
2023-01-23,143.75,132.19951
2023-01-24,143.89,135.25755
2023-01-25,144.43,138.57922
2023-01-26,160.27,141.82939
2023-01-27,177.9,146.25394
2023-01-30,166.66,152.66159
2023-01-31,173.22,158.60043
2023-02-01,181.41,164.40875
2023-02-02,188.27,170.38641
2023-02-03,189.98,176.56505
2023-02-06,194.76,182.4393
2023-02-07,196.81,188.04535
2023-02-08,201.29,193.13626
2023-02-09,207.32000000000002,197.85872
2023-02-10,196.89,202.47783
2023-02-13,194.64,205.49527
2023-02-14,209.25,207.05344
2023-02-15,214.24,209.02289
2023-02-16,202.04,211.45227
2023-02-17,208.31000000000003,212.65501
2023-02-21,197.37,213.6862
2023-02-22,200.86,213.35097
2023-02-23,202.07,212.6142
2023-02-24,196.88,211.78252
2023-02-27,207.63,210.42998
2023-02-28,205.71,209.99167
2023-03-01,202.77,209.89473
2023-03-02,190.9,209.73978
2023-03-03,197.79,208.39542
2023-03-06,193.81,207.21312
2023-03-07,187.71,205.79758
2023-03-08,182.0,203.78871
2023-03-09,172.92,201.073
2023-03-10,173.44,197.31104
2023-03-13,174.48,193.35762
2023-03-14,183.26,189.74577
2023-03-15,180.45,187.5325
2023-03-16,184.13,186.07123
2023-03-17,180.13,185.60388
2023-03-20,183.25,185.40053
2023-03-21,197.58,185.72678
2023-03-22,191.15,187.76509
2023-03-23,192.22,189.98222
2023-03-24,190.41,192.26602
2023-03-27,191.81,194.20424
2023-03-28,189.19,195.9025
2023-03-29,193.88,197.02359
2023-03-30,195.28,198.16035
2023-03-31,207.46000000000004,199.30533
2023-04-03,194.77,201.5541
2023-04-04,192.58,202.92795
2023-04-05,185.52,203.4871
2023-04-06,185.06,202.78839
2023-04-10,184.51,201.36278
2023-04-11,186.79,199.5533
2023-04-12,180.54,197.89081
2023-04-13,185.9,195.83139
2023-04-14,185.0,194.28009
2023-04-17,187.04,193.06361
2023-04-18,184.31,192.37743
2023-04-19,180.59,191.80768
2023-04-20,162.99,191.01903
2023-04-21,165.08,188.46494
2023-04-24,162.55,185.36298
2023-04-25,160.67,181.94139
2023-04-26,153.75,178.46109
2023-04-27,160.19,174.60004
2023-04-28,164.31,171.50899
2023-05-01,161.83,169.5387
2023-05-02,160.31,168.1912
2023-05-03,160.61,167.23141
2023-05-04,161.2,166.64856
2023-05-05,170.06,166.41978
2023-05-08,171.79,167.29497
2023-05-09,169.15,168.9159
2023-05-10,168.54,170.60416
2023-05-11,172.08,172.14609
2023-05-12,167.98,173.81062
2023-05-15,166.35,174.98502
2023-05-16,166.52,175.60913
2023-05-17,173.86,175.85402
2023-05-18,176.89,176.54745
2023-05-19,180.14,177.70848
2023-05-22,188.87,179.35555
2023-05-23,185.77,181.99762
2023-05-24,182.9,184.67012
2023-05-25,184.47,186.854
2023-05-26,193.17,188.70407
2023-05-30,201.16000000000003,191.02596
2023-05-31,203.93,194.17012
2023-06-01,207.52,197.76675
2023-06-02,213.97,201.6572
2023-06-05,217.61,205.99828
2023-06-06,221.31000000000003,210.5426
2023-06-07,224.57,215.13759
2023-06-08,234.86000000000004,219.63399
2023-06-09,244.4,224.67093
2023-06-12,249.83,230.47243
2023-06-13,258.71,236.68416
2023-06-14,256.79,243.4348
2023-06-15,255.9,249.58217
2023-06-16,260.54,254.65541
2023-06-20,274.45,259.03745
2023-06-21,259.46,263.9724
2023-06-22,264.61,267.00934
2023-06-23,256.6,269.21942
2023-06-26,241.04999999999998,269.76266
2023-06-27,250.21000000000004,267.61118
2023-06-28,256.24,265.0903
2023-06-29,257.5,263.1123
2023-06-30,261.77,261.72382
2023-07-03,279.82,261.26923
2023-07-05,282.48,263.31885
2023-07-06,276.54,266.8614
2023-07-07,274.43,270.3394
2023-07-10,269.61,273.27377
2023-07-11,269.79,275.0877
2023-07-12,271.99,276.0899
2023-07-13,277.9,276.71558
2023-07-14,281.38,277.64777
2023-07-17,290.38,278.9837
2023-07-18,293.34,281.3658
2023-07-19,291.26,284.38736
2023-07-20,262.9,287.24326
2023-07-21,260.02,286.65042
2023-07-24,269.06,283.95578
2023-07-25,265.28,281.21582
2023-07-26,264.35,278.2088
2023-07-27,255.71,275.26266
2023-07-28,266.44,271.73343
2023-07-31,267.43,269.4172
2023-08-01,261.07,268.0924
2023-08-02,254.11,266.84372
2023-08-03,259.32,265.10593
2023-08-04,253.86,263.8696
2023-08-07,251.45,262.4563
2023-08-08,249.7,260.88266
2023-08-09,242.19000000000003,259.21442
2023-08-10,245.34000000000003,256.88922
2023-08-11,242.64999999999998,254.79115
2023-08-14,239.76,252.7372
2023-08-15,232.96,250.6411
2023-08-16,225.6,248.0489
2023-08-17,219.22,244.70535
2023-08-18,215.48999999999998,240.63206
2023-08-21,231.27999999999997,236.17592
2023-08-22,233.19000000000003,233.5626
2023-08-23,236.86,232.42296
2023-08-24,230.04000000000002,232.68987
2023-08-25,238.59,233.09705
2023-08-28,238.82000000000002,234.51016
2023-08-29,257.18,236.38995
2023-08-30,256.9,240.30568
2023-08-31,258.08,244.956
2023-09-01,245.00999999999996,249.75124
2023-09-05,256.49,252.78395
2023-09-06,251.91999999999996,255.73898
2023-09-07,251.49,257.7601
2023-09-08,248.5,258.97705
2023-09-11,273.58,259.24084
2023-09-12,267.48,261.54498
2023-09-13,271.3,264.00354
2023-09-14,276.04,266.76416
2023-09-15,274.39,269.90143
2023-09-18,265.28,272.73074
2023-09-19,266.5,274.1131
2023-09-20,262.59,274.66214
2023-09-21,255.70000000000002,274.19247
2023-09-22,244.88000000000002,272.42303
2023-09-25,246.98999999999998,268.92697
2023-09-26,244.12,265.02066
2023-09-27,240.5,260.9112
2023-09-28,246.38,256.7205
2023-09-29,250.21999999999997,253.53714
2023-10-02,251.60000000000002,251.64589
2023-10-03,246.53000000000003,250.86879
2023-10-04,261.16,250.33946
2023-10-05,260.05,251.61768
2023-10-06,260.53,253.67915
2023-10-09,259.67,256.11
2023-10-10,263.62,258.45532
2023-10-11,262.99,260.955
2023-10-12,258.87,263.20755
2023-10-13,251.12,264.65073
2023-10-16,253.92,264.6572
2023-10-17,254.84999999999997,264.12796
2023-10-18,242.68,263.37662
2023-10-19,220.11,261.25473
2023-10-20,211.99,256.23087
2023-10-23,212.08,249.26407
2023-10-24,216.52,241.84468
2023-10-25,212.41999999999996,235.30093
2023-10-26,205.76,229.4679
2023-10-27,207.3,223.99817
2023-10-30,197.36,219.49686
2023-10-31,200.84000000000003,215.03207
2023-11-01,205.66,211.45714
2023-11-02,218.51,209.25304
2023-11-03,219.96,209.3948
2023-11-06,219.27000000000004,211.07881
2023-11-07,222.18000000000004,213.52234
2023-11-08,222.10999999999999,216.54115
2023-11-09,209.98,219.62946
2023-11-10,214.65,221.24306
2023-11-13,223.70999999999998,222.35303
2023-11-14,237.41000000000003,223.93071
2023-11-15,242.84000000000003,226.98343
2023-11-16,233.59,231.12303
2023-11-17,234.3,234.54195
2023-11-20,235.59999999999997,237.32176
2023-11-21,241.19999999999996,239.55467
2023-11-22,234.20999999999998,241.78963
2023-11-24,235.45000000000002,243.01942
2023-11-27,236.08,243.67352
2023-11-28,246.72,243.94357
2023-11-29,244.14,245.03554
2023-11-30,240.07999999999998,246.16257
2023-12-01,238.83,246.78981
2023-12-04,235.58,246.94112
2023-12-05,238.72000000000003,246.44606
2023-12-06,239.37,245.94429
2023-12-07,242.64,245.52136
2023-12-08,243.83999999999997,245.51933
2023-12-11,239.73999999999998,245.87566
2023-12-12,237.01,245.98384
2023-12-13,239.29,245.67923
2023-12-14,251.05,245.40941
2023-12-15,253.5,246.39626
2023-12-18,252.07999999999998,248.23187
2023-12-19,257.22,250.25395
2023-12-20,247.14000000000001,252.75395
2023-12-21,254.5,254.20482
2023-12-22,252.54,255.72354
2023-12-26,256.61,256.86038
2023-12-27,261.44,258.08835
2023-12-28,253.18,259.71973
2023-12-29,248.48,260.51694
2024-01-02,248.42,260.28705
2024-01-03,238.45,259.4691
2024-01-04,237.93,257.3087
2024-01-05,237.49,254.55331
2024-01-08,240.44999999999996,251.6473
2024-01-09,234.96000000000004,249.2366
2024-01-10,233.94,246.76932
2024-01-11,227.22,244.45169
2024-01-12,218.89000000000001,241.77182
2024-01-16,219.90999999999997,238.33334
2024-01-17,215.55,234.93828
2024-01-18,211.87999999999997,231.44934
2024-01-19,212.19000000000003,227.90567
2024-01-22,208.8,224.73613
2024-01-23,209.14000000000001,221.76508
2024-01-24,207.83,219.27185
2024-01-25,182.63,217.19026
2024-01-26,183.25,213.0504
2024-01-29,190.93,208.28217
2024-01-30,191.59,204.33261
2024-01-31,187.29,201.27533
2024-02-01,188.86,198.63448
2024-02-02,187.91,196.69322
2024-02-05,181.06,195.27638
2024-02-06,185.1,193.65976
2024-02-07,187.58,192.52194
2024-02-08,189.56,192.01689
2024-02-09,193.57,192.14307
2024-02-12,188.13,193.04681
2024-02-13,184.02,193.79778
2024-02-14,188.71,194.01729
2024-02-15,200.45,194.37866
2024-02-16,199.95,195.93369
2024-02-20,193.76,197.9699
2024-02-21,194.77,199.50487
2024-02-22,197.41,200.72536
2024-02-23,191.97,201.891
2024-02-26,199.4,202.34712
2024-02-27,199.73,203.0906
2024-02-28,202.04,203.92125
2024-02-29,201.88,204.9527
2024-03-01,202.64000000000001,205.97742
2024-03-04,188.14,206.97621
2024-03-05,180.74,206.40019
2024-03-06,176.54,204.25226
2024-03-07,178.65,200.95148
2024-03-08,175.34,197.46498
2024-03-11,177.77,193.83302
2024-03-12,177.54,190.69731
2024-03-13,169.48,188.11786
2024-03-14,162.5,185.33676
2024-03-15,163.57,182.05957
2024-03-18,173.8,178.92348
2024-03-19,171.32,177.15108
2024-03-20,175.66,176.09955
2024-03-21,172.82,176.04214
2024-03-22,170.83,176.32524
2024-03-25,172.63,176.63145
2024-03-26,177.67,177.12228
2024-03-27,179.83,178.17464
2024-03-28,175.79,179.67314
2024-04-01,175.22,180.91216
2024-04-02,166.63,181.84659
2024-04-03,168.38,181.66768
2024-04-04,171.11,181.02698
2024-04-05,164.9,180.40544
2024-04-08,172.98,179.22342
2024-04-09,176.88,178.61475
2024-04-10,171.76,178.74951
2024-04-11,174.6,178.81409
2024-04-12,171.05,179.13696
2024-04-15,161.48,179.23106
2024-04-16,157.11,178.26245
2024-04-17,155.45,176.34843
2024-04-18,149.93,173.87828
2024-04-19,147.05,170.75552
2024-04-22,142.05,167.25479
2024-04-23,144.68,163.36467
2024-04-24,162.13,159.85019
2024-04-25,170.18,158.52632
2024-04-26,168.29,159.38315
2024-04-29,194.05,161.32861
2024-04-30,183.28,166.31538
2024-05-01,179.99,171.6191
2024-05-02,180.01,176.39801
2024-05-03,181.19,180.44836
2024-05-06,184.76,183.79448
2024-05-07,177.81,186.7367
2024-05-08,174.72,188.43925
2024-05-09,171.97,188.93434
2024-05-10,168.47,188.36208
2024-05-13,171.89,186.83191
2024-05-14,177.55,185.18279
2024-05-15,173.99,184.128
2024-05-16,174.84,183.14836
2024-05-17,177.46,182.40488
2024-05-20,174.95,182.12755
2024-05-21,186.6,181.90822
2024-05-22,180.11,182.90686
2024-05-23,173.74,183.87785
2024-05-24,179.24,184.1619
2024-05-28,176.75,184.57333
2024-05-29,176.19,184.75183
2024-05-30,178.79,184.7286
2024-05-31,178.08,184.83952
2024-06-03,176.29,184.9381
2024-06-04,174.77,184.8477
2024-06-05,175.0,184.50829
2024-06-06,177.94,184.07458
2024-06-07,177.48,183.90701
2024-06-10,173.79,183.85779
2024-06-11,170.66,183.52814
2024-06-12,177.29,182.76909
2024-06-13,182.47,182.47777
2024-06-14,178.01,182.97438
2024-06-17,187.44,183.45276
2024-06-18,184.86,184.83368
2024-06-20,181.57,186.34904
2024-06-21,183.01,187.50528
2024-06-24,182.58,188.49579
2024-06-25,187.35,189.24109
2024-06-26,196.37,190.23732
2024-06-27,197.42,192.16301
2024-06-28,197.88,194.5435
2024-07-01,209.86000000000004,197.03044
2024-07-02,231.25999999999996,200.55464
2024-07-03,246.38999999999996,206.4964
2024-07-05,251.52000000000004,214.82756
2024-07-08,252.94,224.32372
2024-07-09,262.33,233.76985
2024-07-10,263.26,243.25435
2024-07-11,241.02999999999997,251.85672
2024-07-12,248.23000000000002,256.67014
2024-07-15,252.64,259.56775
2024-07-16,256.56,261.3487
2024-07-17,248.5,262.5883
2024-07-18,249.23,262.43576
2024-07-19,239.2,261.54654
2024-07-22,251.51,259.19354
2024-07-23,246.38,257.5234
2024-07-24,215.99,255.77307
2024-07-25,220.25,251.00993
2024-07-26,219.8,245.55878
2024-07-29,232.10000000000002,240.12242
2024-07-30,222.61999999999998,236.4847
2024-07-31,232.07,233.24721
2024-08-01,216.86,231.633
2024-08-02,207.67,229.57288
2024-08-05,198.88,226.641
2024-08-06,200.64,222.64978
2024-08-07,191.76,218.64093
2024-08-08,198.84,214.10498
2024-08-09,200.0,210.45163
2024-08-12,197.49,207.76416
2024-08-13,207.83,205.68423
2024-08-14,201.37999999999997,205.246
2024-08-15,214.13999999999996,205.17624
2024-08-16,216.12000000000003,206.68964
2024-08-19,222.71999999999997,209.18668
2024-08-20,221.1,212.74164
2024-08-21,223.27000000000004,216.43102
2024-08-22,210.66,220.10043
2024-08-23,220.31999999999996,222.10721
2024-08-26,213.20999999999998,223.96237
2024-08-27,209.20999999999998,224.73642
2024-08-28,205.75,224.39322
2024-08-29,206.27999999999997,223.04814
2024-08-30,214.11,221.26933
2024-09-03,210.6,220.16252
2024-09-04,219.41,219.15244
2024-09-05,230.16999999999996,219.21277
2024-09-06,210.73,220.96927
2024-09-09,216.27,221.55983
2024-09-10,226.17,222.08232
2024-09-11,228.12999999999997,223.48715
2024-09-12,229.81,225.44002
2024-09-13,230.28999999999996,227.71078
2024-09-16,226.78,230.0032
2024-09-17,227.87,231.72495
2024-09-18,227.2,233.06323
2024-09-19,243.92,233.95085
2024-09-20,238.25,236.20065
2024-09-23,249.99999999999997,238.35759
2024-09-24,254.27,241.5139
2024-09-25,257.02,245.33974
2024-09-26,254.21999999999997,249.46463
2024-09-27,260.46,253.05162
2024-09-30,261.63,256.62848
2024-10-01,258.02,259.9069
2024-10-02,249.02,262.26794
2024-10-03,240.66000000000003,262.8852
2024-10-04,250.08,261.53775
2024-10-07,240.82999999999998,260.15103
2024-10-08,244.5,257.7955
2024-10-09,241.04999999999998,255.52101
2024-10-10,238.76999999999998,253.11319
2024-10-11,217.8,250.64476
2024-10-14,219.16,246.22198
2024-10-15,219.56999999999996,241.34525
2024-10-16,221.33000000000004,236.69011
2024-10-17,220.89,232.80057
2024-10-18,220.7,229.7095
2024-10-21,218.85,227.41014
2024-10-22,217.97,225.65552
2024-10-23,213.64999999999998,224.35347
2024-10-24,260.48,223.04504
2024-10-25,269.19,226.70995
2024-10-28,262.51,233.74074
2024-10-29,259.52,241.48164
2024-10-30,257.55,248.6816
2024-10-31,249.85,254.66985
2024-11-01,248.98000000000002,258.51135
2024-11-04,242.84000000000003,260.59576
2024-11-05,251.44,260.71323
2024-11-06,288.53,260.52646
2024-11-07,296.91,263.99332
2024-11-08,321.22,269.94998
2024-11-11,350.0,279.43127
2024-11-12,328.49,293.13022
2024-11-13,330.24,305.40277
2024-11-14,311.18,315.9064
2024-11-15,320.72,322.01523
2024-11-18,338.74,325.98834
2024-11-19,346.0,330.06946
2024-11-20,342.03,334.32272
2024-11-21,339.64,337.6262
2024-11-22,352.56,339.70477
2024-11-25,338.59,342.2427
2024-11-26,338.23,342.99936
2024-11-27,332.89,342.66592
2024-11-29,345.16,341.06088
2024-12-02,357.09,340.26294
2024-12-03,351.42,341.22116
2024-12-04,357.93,342.3601
2024-12-05,369.49,344.29657
2024-12-06,389.22,347.75848
